1572937282913,644,201,writeNewLiftRideWithHttpInfo
1572937282922,635,201,writeNewLiftRideWithHttpInfo
1572937282913,644,201,writeNewLiftRideWithHttpInfo
1572937282914,643,201,writeNewLiftRideWithHttpInfo
1572937282905,653,201,writeNewLiftRideWithHttpInfo
1572937282909,651,201,writeNewLiftRideWithHttpInfo
1572937282917,643,201,writeNewLiftRideWithHttpInfo
1572937282905,656,201,writeNewLiftRideWithHttpInfo
1572937282916,672,201,writeNewLiftRideWithHttpInfo
1572937282915,673,201,writeNewLiftRideWithHttpInfo
1572937282905,683,201,writeNewLiftRideWithHttpInfo
1572937282923,667,201,writeNewLiftRideWithHttpInfo
1572937282923,667,201,writeNewLiftRideWithHttpInfo
1572937282922,669,201,writeNewLiftRideWithHttpInfo
1572937282918,705,201,writeNewLiftRideWithHttpInfo
1572937282915,713,201,writeNewLiftRideWithHttpInfo
1572937282914,714,201,writeNewLiftRideWithHttpInfo
1572937282924,704,201,writeNewLiftRideWithHttpInfo
1572937282905,723,201,writeNewLiftRideWithHttpInfo
1572937282905,723,201,writeNewLiftRideWithHttpInfo
1572937282932,698,201,writeNewLiftRideWithHttpInfo
1572937282932,699,201,writeNewLiftRideWithHttpInfo
1572937282909,723,201,writeNewLiftRideWithHttpInfo
1572937282917,717,201,writeNewLiftRideWithHttpInfo
1572937282924,712,201,writeNewLiftRideWithHttpInfo
1572937282925,711,201,writeNewLiftRideWithHttpInfo
1572937282916,721,201,writeNewLiftRideWithHttpInfo
1572937282930,712,201,writeNewLiftRideWithHttpInfo
1572937282929,713,201,writeNewLiftRideWithHttpInfo
1572937282918,724,201,writeNewLiftRideWithHttpInfo
1572937282909,733,201,writeNewLiftRideWithHttpInfo
1572937282911,734,201,writeNewLiftRideWithHttpInfo
1572937282930,715,201,writeNewLiftRideWithHttpInfo
1572937282931,716,201,writeNewLiftRideWithHttpInfo
1572937282906,742,201,writeNewLiftRideWithHttpInfo
1572937282916,733,201,writeNewLiftRideWithHttpInfo
1572937282915,736,201,writeNewLiftRideWithHttpInfo
1572937282905,746,201,writeNewLiftRideWithHttpInfo
1572937282928,725,201,writeNewLiftRideWithHttpInfo
1572937282905,748,201,writeNewLiftRideWithHttpInfo
1572937282931,724,201,writeNewLiftRideWithHttpInfo
1572937282918,738,201,writeNewLiftRideWithHttpInfo
1572937282912,745,201,writeNewLiftRideWithHttpInfo
1572937282915,743,201,writeNewLiftRideWithHttpInfo
1572937282929,823,201,writeNewLiftRideWithHttpInfo
1572937282926,827,201,writeNewLiftRideWithHttpInfo
1572937282905,849,201,writeNewLiftRideWithHttpInfo
1572937282911,848,201,writeNewLiftRideWithHttpInfo
1572937282918,842,201,writeNewLiftRideWithHttpInfo
1572937282924,836,201,writeNewLiftRideWithHttpInfo
1572937282929,832,201,writeNewLiftRideWithHttpInfo
1572937282914,852,201,writeNewLiftRideWithHttpInfo
1572937282905,862,201,writeNewLiftRideWithHttpInfo
1572937282925,996,201,writeNewLiftRideWithHttpInfo
1572937282925,997,201,writeNewLiftRideWithHttpInfo
1572937282916,1007,201,writeNewLiftRideWithHttpInfo
1572937282913,1013,201,writeNewLiftRideWithHttpInfo
1572937282905,1021,201,writeNewLiftRideWithHttpInfo
1572937283562,453,201,writeNewLiftRideWithHttpInfo
1572937284015,26,201,writeNewLiftRideWithHttpInfo
1572937283562,453,201,writeNewLiftRideWithHttpInfo
1572937284015,26,201,writeNewLiftRideWithHttpInfo
1572937283561,454,201,writeNewLiftRideWithHttpInfo
1572937284015,26,201,writeNewLiftRideWithHttpInfo
1572937283565,450,201,writeNewLiftRideWithHttpInfo
1572937284015,26,201,writeNewLiftRideWithHttpInfo
1572937283587,456,201,writeNewLiftRideWithHttpInfo
1572937284043,23,201,writeNewLiftRideWithHttpInfo
1572937283590,454,201,writeNewLiftRideWithHttpInfo
1572937284044,22,201,writeNewLiftRideWithHttpInfo
1572937283590,454,201,writeNewLiftRideWithHttpInfo
1572937284044,23,201,writeNewLiftRideWithHttpInfo
1572937283587,457,201,writeNewLiftRideWithHttpInfo
1572937284044,23,201,writeNewLiftRideWithHttpInfo
1572937283562,483,201,writeNewLiftRideWithHttpInfo
1572937284045,26,201,writeNewLiftRideWithHttpInfo
1572937283589,456,201,writeNewLiftRideWithHttpInfo
1572937284045,30,201,writeNewLiftRideWithHttpInfo
1572937283587,457,201,writeNewLiftRideWithHttpInfo
1572937284044,33,201,writeNewLiftRideWithHttpInfo
1572937284067,23,201,writeNewLiftRideWithHttpInfo
1572937284067,23,201,writeNewLiftRideWithHttpInfo
1572937284068,24,201,writeNewLiftRideWithHttpInfo
1572937284067,25,201,writeNewLiftRideWithHttpInfo
1572937284070,26,201,writeNewLiftRideWithHttpInfo
1572937284067,26,201,writeNewLiftRideWithHttpInfo
1572937284074,29,201,writeNewLiftRideWithHttpInfo
1572937283564,1098,201,writeNewLiftRideWithHttpInfo
1572937284662,25,201,writeNewLiftRideWithHttpInfo
1572937283570,1201,201,writeNewLiftRideWithHttpInfo
1572937284771,21,201,writeNewLiftRideWithHttpInfo
1572937283568,1324,201,writeNewLiftRideWithHttpInfo
1572937284892,21,201,writeNewLiftRideWithHttpInfo
1572937283571,1347,201,writeNewLiftRideWithHttpInfo
1572937284918,27,201,writeNewLiftRideWithHttpInfo
1572937283575,1537,201,writeNewLiftRideWithHttpInfo
1572937285112,21,201,writeNewLiftRideWithHttpInfo
1572937283578,1648,201,writeNewLiftRideWithHttpInfo
1572937285226,25,201,writeNewLiftRideWithHttpInfo
1572937283579,1672,201,writeNewLiftRideWithHttpInfo
1572937285251,26,201,writeNewLiftRideWithHttpInfo
1572937283582,1784,201,writeNewLiftRideWithHttpInfo
1572937285366,21,201,writeNewLiftRideWithHttpInfo
1572937283586,1800,201,writeNewLiftRideWithHttpInfo
1572937285386,36,201,writeNewLiftRideWithHttpInfo
1572937283594,1855,201,writeNewLiftRideWithHttpInfo
1572937285449,74,201,writeNewLiftRideWithHttpInfo
1572937282915,3136,201,writeNewLiftRideWithHttpInfo
1572937283569,1103,201,writeNewLiftRideWithHttpInfo
1572937284672,1887,201,writeNewLiftRideWithHttpInfo
1572937283564,1108,201,writeNewLiftRideWithHttpInfo
1572937284672,1887,201,writeNewLiftRideWithHttpInfo
1572937283561,1109,201,writeNewLiftRideWithHttpInfo
1572937284670,1889,201,writeNewLiftRideWithHttpInfo
1572937283566,1104,201,writeNewLiftRideWithHttpInfo
1572937284670,1996,201,writeNewLiftRideWithHttpInfo
1572937283564,1113,201,writeNewLiftRideWithHttpInfo
1572937284677,1989,201,writeNewLiftRideWithHttpInfo
1572937283561,1109,201,writeNewLiftRideWithHttpInfo
1572937284670,1996,201,writeNewLiftRideWithHttpInfo
1572937283565,1105,201,writeNewLiftRideWithHttpInfo
1572937284670,1996,201,writeNewLiftRideWithHttpInfo
1572937283566,1111,201,writeNewLiftRideWithHttpInfo
1572937284677,1989,201,writeNewLiftRideWithHttpInfo
1572937283565,1105,201,writeNewLiftRideWithHttpInfo
1572937284670,1996,201,writeNewLiftRideWithHttpInfo
1572937284068,1997,201,writeNewLiftRideWithHttpInfo
1572937283568,1211,201,writeNewLiftRideWithHttpInfo
1572937284779,1995,201,writeNewLiftRideWithHttpInfo
1572937283569,1113,201,writeNewLiftRideWithHttpInfo
1572937284682,2092,201,writeNewLiftRideWithHttpInfo
1572937283569,1210,201,writeNewLiftRideWithHttpInfo
1572937284779,1995,201,writeNewLiftRideWithHttpInfo
1572937283566,1116,201,writeNewLiftRideWithHttpInfo
1572937284682,2093,201,writeNewLiftRideWithHttpInfo
1572937283568,1114,201,writeNewLiftRideWithHttpInfo
1572937284682,2093,201,writeNewLiftRideWithHttpInfo
1572937283568,1203,201,writeNewLiftRideWithHttpInfo
1572937284771,2006,201,writeNewLiftRideWithHttpInfo
1572937283565,1112,201,writeNewLiftRideWithHttpInfo
1572937283565,1214,201,writeNewLiftRideWithHttpInfo
1572937284779,1998,201,writeNewLiftRideWithHttpInfo
1572937284677,2100,201,writeNewLiftRideWithHttpInfo
1572937283565,1105,201,writeNewLiftRideWithHttpInfo
1572937284670,2112,201,writeNewLiftRideWithHttpInfo
1572937283565,1207,201,writeNewLiftRideWithHttpInfo
1572937284772,2011,201,writeNewLiftRideWithHttpInfo
1572937283567,1208,201,writeNewLiftRideWithHttpInfo
1572937284775,2008,201,writeNewLiftRideWithHttpInfo
1572937283565,1210,201,writeNewLiftRideWithHttpInfo
1572937284775,2009,201,writeNewLiftRideWithHttpInfo
1572937283567,1214,201,writeNewLiftRideWithHttpInfo
1572937284781,2005,201,writeNewLiftRideWithHttpInfo
1572937283571,1215,201,writeNewLiftRideWithHttpInfo
1572937284786,2001,201,writeNewLiftRideWithHttpInfo
1572937283567,1212,201,writeNewLiftRideWithHttpInfo
1572937284779,2086,201,writeNewLiftRideWithHttpInfo
1572937283571,1216,201,writeNewLiftRideWithHttpInfo
1572937284787,2080,201,writeNewLiftRideWithHttpInfo
1572937283564,1328,201,writeNewLiftRideWithHttpInfo
1572937284893,1996,201,writeNewLiftRideWithHttpInfo
1572937283573,1338,201,writeNewLiftRideWithHttpInfo
1572937284911,1981,201,writeNewLiftRideWithHttpInfo
1572937283574,1337,201,writeNewLiftRideWithHttpInfo
1572937284911,1982,201,writeNewLiftRideWithHttpInfo
1572937283572,1334,201,writeNewLiftRideWithHttpInfo
1572937284906,2075,201,writeNewLiftRideWithHttpInfo
1572937283572,1326,201,writeNewLiftRideWithHttpInfo
1572937284898,2084,201,writeNewLiftRideWithHttpInfo
1572937283574,1339,201,writeNewLiftRideWithHttpInfo
1572937284913,2074,201,writeNewLiftRideWithHttpInfo
1572937283569,1337,201,writeNewLiftRideWithHttpInfo
1572937284906,2081,201,writeNewLiftRideWithHttpInfo
1572937283568,1338,201,writeNewLiftRideWithHttpInfo
1572937284906,2081,201,writeNewLiftRideWithHttpInfo
1572937283572,1334,201,writeNewLiftRideWithHttpInfo
1572937284906,2082,201,writeNewLiftRideWithHttpInfo
1572937283569,1337,201,writeNewLiftRideWithHttpInfo
1572937284906,2087,201,writeNewLiftRideWithHttpInfo
1572937283595,1980,201,writeNewLiftRideWithHttpInfo
1572937285575,1418,201,writeNewLiftRideWithHttpInfo
1572937283596,1979,201,writeNewLiftRideWithHttpInfo
1572937285575,1418,201,writeNewLiftRideWithHttpInfo
1572937283569,1338,201,writeNewLiftRideWithHttpInfo
1572937284907,2087,201,writeNewLiftRideWithHttpInfo
1572937283573,1345,201,writeNewLiftRideWithHttpInfo
1572937284918,2077,201,writeNewLiftRideWithHttpInfo
1572937283573,1345,201,writeNewLiftRideWithHttpInfo
1572937284918,2077,201,writeNewLiftRideWithHttpInfo
1572937283573,1334,201,writeNewLiftRideWithHttpInfo
1572937284907,2089,201,writeNewLiftRideWithHttpInfo
1572937283568,1343,201,writeNewLiftRideWithHttpInfo
1572937284911,2086,201,writeNewLiftRideWithHttpInfo
1572937283570,1336,201,writeNewLiftRideWithHttpInfo
1572937284906,2096,201,writeNewLiftRideWithHttpInfo
1572937283571,1336,201,writeNewLiftRideWithHttpInfo
1572937284907,2095,201,writeNewLiftRideWithHttpInfo
1572937283570,1338,201,writeNewLiftRideWithHttpInfo
1572937284908,2094,201,writeNewLiftRideWithHttpInfo
1572937283596,1981,201,writeNewLiftRideWithHttpInfo
1572937285577,1425,201,writeNewLiftRideWithHttpInfo
1572937283595,1980,201,writeNewLiftRideWithHttpInfo
1572937285575,1429,201,writeNewLiftRideWithHttpInfo
1572937283599,1978,201,writeNewLiftRideWithHttpInfo
1572937285577,1430,201,writeNewLiftRideWithHttpInfo
1572937283608,2103,201,writeNewLiftRideWithHttpInfo
1572937285711,1315,201,writeNewLiftRideWithHttpInfo
1572937283610,2130,201,writeNewLiftRideWithHttpInfo
1572937285740,1509,201,writeNewLiftRideWithHttpInfo
1572937283574,1540,201,writeNewLiftRideWithHttpInfo
1572937285114,2139,201,writeNewLiftRideWithHttpInfo
1572937283573,1540,201,writeNewLiftRideWithHttpInfo
1572937285113,2141,201,writeNewLiftRideWithHttpInfo
1572937284072,2413,201,writeNewLiftRideWithHttpInfo
1572937282924,4520,201,writeNewLiftRideWithHttpInfo
1572937282928,4518,201,writeNewLiftRideWithHttpInfo
1572937284068,2291,201,writeNewLiftRideWithHttpInfo
1572937282905,4542,201,writeNewLiftRideWithHttpInfo
1572937282932,4517,201,writeNewLiftRideWithHttpInfo
1572937282923,4527,201,writeNewLiftRideWithHttpInfo
1572937283575,1555,201,writeNewLiftRideWithHttpInfo
1572937285130,2342,201,writeNewLiftRideWithHttpInfo
1572937283576,1540,201,writeNewLiftRideWithHttpInfo
1572937285116,2357,201,writeNewLiftRideWithHttpInfo
1572937283574,1541,201,writeNewLiftRideWithHttpInfo
1572937285115,2358,201,writeNewLiftRideWithHttpInfo
1572937283577,1552,201,writeNewLiftRideWithHttpInfo
1572937285129,2344,201,writeNewLiftRideWithHttpInfo
1572937283592,3881,201,writeNewLiftRideWithHttpInfo
1572937287473,242,201,writeNewLiftRideWithHttpInfo
1572937283578,1662,201,writeNewLiftRideWithHttpInfo
1572937285240,2655,201,writeNewLiftRideWithHttpInfo
1572937283577,1653,201,writeNewLiftRideWithHttpInfo
1572937283575,1663,201,writeNewLiftRideWithHttpInfo
1572937285230,2665,201,writeNewLiftRideWithHttpInfo
1572937283575,1651,201,writeNewLiftRideWithHttpInfo
1572937283577,1649,201,writeNewLiftRideWithHttpInfo
1572937285226,2669,201,writeNewLiftRideWithHttpInfo
1572937283570,1658,201,writeNewLiftRideWithHttpInfo
1572937285228,2667,201,writeNewLiftRideWithHttpInfo
1572937283576,1656,201,writeNewLiftRideWithHttpInfo
1572937285232,2663,201,writeNewLiftRideWithHttpInfo
1572937283574,1661,201,writeNewLiftRideWithHttpInfo
1572937285235,2660,201,writeNewLiftRideWithHttpInfo
1572937285238,2657,201,writeNewLiftRideWithHttpInfo
1572937283579,1663,201,writeNewLiftRideWithHttpInfo
1572937285243,2652,201,writeNewLiftRideWithHttpInfo
1572937285226,2669,201,writeNewLiftRideWithHttpInfo
1572937283576,1656,201,writeNewLiftRideWithHttpInfo
1572937285232,2663,201,writeNewLiftRideWithHttpInfo
1572937283576,1658,201,writeNewLiftRideWithHttpInfo
1572937285234,2661,201,writeNewLiftRideWithHttpInfo
1572937283576,1659,201,writeNewLiftRideWithHttpInfo
1572937285235,2660,201,writeNewLiftRideWithHttpInfo
1572937283575,1663,201,writeNewLiftRideWithHttpInfo
1572937285238,2657,201,writeNewLiftRideWithHttpInfo
1572937283591,1868,201,writeNewLiftRideWithHttpInfo
1572937285459,2521,201,writeNewLiftRideWithHttpInfo
1572937283583,1678,201,writeNewLiftRideWithHttpInfo
1572937285261,2719,201,writeNewLiftRideWithHttpInfo
1572937283579,1665,201,writeNewLiftRideWithHttpInfo
1572937285244,2761,201,writeNewLiftRideWithHttpInfo
1572937283582,1679,201,writeNewLiftRideWithHttpInfo
1572937283580,1667,201,writeNewLiftRideWithHttpInfo
1572937285247,2758,201,writeNewLiftRideWithHttpInfo
1572937285261,2744,201,writeNewLiftRideWithHttpInfo
1572937283587,1806,201,writeNewLiftRideWithHttpInfo
1572937285393,2612,201,writeNewLiftRideWithHttpInfo
1572937283582,1674,201,writeNewLiftRideWithHttpInfo
1572937285256,2749,201,writeNewLiftRideWithHttpInfo
1572937283588,1808,201,writeNewLiftRideWithHttpInfo
1572937285396,2609,201,writeNewLiftRideWithHttpInfo
1572937283594,1865,201,writeNewLiftRideWithHttpInfo
1572937285459,2669,201,writeNewLiftRideWithHttpInfo
1572937283583,1678,201,writeNewLiftRideWithHttpInfo
1572937285261,2867,201,writeNewLiftRideWithHttpInfo
1572937283589,1809,201,writeNewLiftRideWithHttpInfo
1572937285398,2730,201,writeNewLiftRideWithHttpInfo
1572937283588,1805,201,writeNewLiftRideWithHttpInfo
1572937285393,2737,201,writeNewLiftRideWithHttpInfo
1572937283580,1678,201,writeNewLiftRideWithHttpInfo
1572937285258,2872,201,writeNewLiftRideWithHttpInfo
1572937283589,1806,201,writeNewLiftRideWithHttpInfo
1572937285395,2735,201,writeNewLiftRideWithHttpInfo
1572937283581,1673,201,writeNewLiftRideWithHttpInfo
1572937285254,2880,201,writeNewLiftRideWithHttpInfo
1572937283578,1673,201,writeNewLiftRideWithHttpInfo
1572937285251,2884,201,writeNewLiftRideWithHttpInfo
1572937283580,1675,201,writeNewLiftRideWithHttpInfo
1572937285255,2880,201,writeNewLiftRideWithHttpInfo
1572937283578,1668,201,writeNewLiftRideWithHttpInfo
1572937285246,2889,201,writeNewLiftRideWithHttpInfo
1572937283580,1661,201,writeNewLiftRideWithHttpInfo
1572937285241,2894,201,writeNewLiftRideWithHttpInfo
1572937283578,1663,201,writeNewLiftRideWithHttpInfo
1572937285241,2894,201,writeNewLiftRideWithHttpInfo
1572937283588,4540,201,writeNewLiftRideWithHttpInfo
1572937288128,56,201,writeNewLiftRideWithHttpInfo
1572937283589,4549,201,writeNewLiftRideWithHttpInfo
1572937288138,79,201,writeNewLiftRideWithHttpInfo
1572937283610,2083,201,writeNewLiftRideWithHttpInfo
1572937285693,2546,201,writeNewLiftRideWithHttpInfo
1572937283590,1859,201,writeNewLiftRideWithHttpInfo
1572937285449,2791,201,writeNewLiftRideWithHttpInfo
1572937283608,2091,201,writeNewLiftRideWithHttpInfo
1572937285699,2542,201,writeNewLiftRideWithHttpInfo
1572937283595,1980,201,writeNewLiftRideWithHttpInfo
1572937285575,2666,201,writeNewLiftRideWithHttpInfo
1572937283596,1979,201,writeNewLiftRideWithHttpInfo
1572937285575,2667,201,writeNewLiftRideWithHttpInfo
1572937283593,1983,201,writeNewLiftRideWithHttpInfo
1572937285576,2666,201,writeNewLiftRideWithHttpInfo
1572937283586,1801,201,writeNewLiftRideWithHttpInfo
1572937283594,1865,201,writeNewLiftRideWithHttpInfo
1572937285459,2785,201,writeNewLiftRideWithHttpInfo
1572937285387,2857,201,writeNewLiftRideWithHttpInfo
1572937283591,1858,201,writeNewLiftRideWithHttpInfo
1572937285449,2802,201,writeNewLiftRideWithHttpInfo
1572937283584,1800,201,writeNewLiftRideWithHttpInfo
1572937285384,2870,201,writeNewLiftRideWithHttpInfo
1572937283581,1785,201,writeNewLiftRideWithHttpInfo
1572937283582,1794,201,writeNewLiftRideWithHttpInfo
1572937285376,2878,201,writeNewLiftRideWithHttpInfo
1572937283580,1787,201,writeNewLiftRideWithHttpInfo
1572937285366,2888,201,writeNewLiftRideWithHttpInfo
1572937285367,2887,201,writeNewLiftRideWithHttpInfo
1572937283585,1792,201,writeNewLiftRideWithHttpInfo
1572937285377,2877,201,writeNewLiftRideWithHttpInfo
1572937283582,1794,201,writeNewLiftRideWithHttpInfo
1572937283585,1791,201,writeNewLiftRideWithHttpInfo
1572937285376,2878,201,writeNewLiftRideWithHttpInfo
1572937283583,1784,201,writeNewLiftRideWithHttpInfo
1572937285367,2887,201,writeNewLiftRideWithHttpInfo
1572937283610,2102,201,writeNewLiftRideWithHttpInfo
1572937285712,2542,201,writeNewLiftRideWithHttpInfo
1572937283584,1787,201,writeNewLiftRideWithHttpInfo
1572937285371,2883,201,writeNewLiftRideWithHttpInfo
1572937283581,1789,201,writeNewLiftRideWithHttpInfo
1572937285370,2884,201,writeNewLiftRideWithHttpInfo
1572937283597,1980,201,writeNewLiftRideWithHttpInfo
1572937285577,2677,201,writeNewLiftRideWithHttpInfo
1572937285376,2878,201,writeNewLiftRideWithHttpInfo
1572937283598,1994,201,writeNewLiftRideWithHttpInfo
1572937285592,2662,201,writeNewLiftRideWithHttpInfo
1572937283609,2085,201,writeNewLiftRideWithHttpInfo
1572937285694,2561,201,writeNewLiftRideWithHttpInfo
1572937283609,2102,201,writeNewLiftRideWithHttpInfo
1572937285711,2544,201,writeNewLiftRideWithHttpInfo
1572937284074,4162,201,writeNewLiftRideWithHttpInfo
1572937284073,4163,201,writeNewLiftRideWithHttpInfo
1572937283596,1979,201,writeNewLiftRideWithHttpInfo
1572937285575,2684,201,writeNewLiftRideWithHttpInfo
1572937283586,1805,201,writeNewLiftRideWithHttpInfo
1572937285391,2869,201,writeNewLiftRideWithHttpInfo
1572937283584,1793,201,writeNewLiftRideWithHttpInfo
1572937285377,2883,201,writeNewLiftRideWithHttpInfo
1572937283586,1805,201,writeNewLiftRideWithHttpInfo
1572937285391,2872,201,writeNewLiftRideWithHttpInfo
1572937283581,1786,201,writeNewLiftRideWithHttpInfo
1572937285367,2897,201,writeNewLiftRideWithHttpInfo
1572937283586,1790,201,writeNewLiftRideWithHttpInfo
1572937283584,1807,201,writeNewLiftRideWithHttpInfo
1572937285391,2873,201,writeNewLiftRideWithHttpInfo
1572937283587,1797,201,writeNewLiftRideWithHttpInfo
1572937285376,2888,201,writeNewLiftRideWithHttpInfo
1572937285384,2880,201,writeNewLiftRideWithHttpInfo
1572937283583,1787,201,writeNewLiftRideWithHttpInfo
1572937285370,2895,201,writeNewLiftRideWithHttpInfo
1572937283585,1781,201,writeNewLiftRideWithHttpInfo
1572937285366,2900,201,writeNewLiftRideWithHttpInfo
1572937284074,4164,201,writeNewLiftRideWithHttpInfo
1572937283599,4655,201,writeNewLiftRideWithHttpInfo
1572937288254,47,201,writeNewLiftRideWithHttpInfo
1572937284075,4204,201,writeNewLiftRideWithHttpInfo
1572937283598,4667,201,writeNewLiftRideWithHttpInfo
1572937283596,4672,201,writeNewLiftRideWithHttpInfo
1572937288268,43,201,writeNewLiftRideWithHttpInfo
1572937283596,4670,201,writeNewLiftRideWithHttpInfo
1572937288266,45,201,writeNewLiftRideWithHttpInfo
1572937288265,46,201,writeNewLiftRideWithHttpInfo
1572937284073,4289,201,writeNewLiftRideWithHttpInfo
1572937284071,4292,201,writeNewLiftRideWithHttpInfo
1572937284074,4289,201,writeNewLiftRideWithHttpInfo
1572937283597,3876,201,writeNewLiftRideWithHttpInfo
1572937287473,956,201,writeNewLiftRideWithHttpInfo
1572937283588,3885,201,writeNewLiftRideWithHttpInfo
1572937287473,956,201,writeNewLiftRideWithHttpInfo
1572937283610,2108,201,writeNewLiftRideWithHttpInfo
1572937285718,2723,201,writeNewLiftRideWithHttpInfo
1572937283612,2128,201,writeNewLiftRideWithHttpInfo
1572937285740,2701,201,writeNewLiftRideWithHttpInfo
1572937283610,2127,201,writeNewLiftRideWithHttpInfo
1572937285737,2706,201,writeNewLiftRideWithHttpInfo
1572937283600,2111,201,writeNewLiftRideWithHttpInfo
1572937285711,2732,201,writeNewLiftRideWithHttpInfo
1572937283609,2130,201,writeNewLiftRideWithHttpInfo
1572937285739,2704,201,writeNewLiftRideWithHttpInfo
1572937283610,2108,201,writeNewLiftRideWithHttpInfo
1572937285718,2726,201,writeNewLiftRideWithHttpInfo
1572937283600,2096,201,writeNewLiftRideWithHttpInfo
1572937285696,2748,201,writeNewLiftRideWithHttpInfo
1572937283608,2129,201,writeNewLiftRideWithHttpInfo
1572937285737,2708,201,writeNewLiftRideWithHttpInfo
1572937283594,1981,201,writeNewLiftRideWithHttpInfo
1572937285575,2871,201,writeNewLiftRideWithHttpInfo
1572937283612,2106,201,writeNewLiftRideWithHttpInfo
1572937285718,2729,201,writeNewLiftRideWithHttpInfo
1572937283600,2099,201,writeNewLiftRideWithHttpInfo
1572937285699,2749,201,writeNewLiftRideWithHttpInfo
1572937283609,2103,201,writeNewLiftRideWithHttpInfo
1572937285712,2736,201,writeNewLiftRideWithHttpInfo
1572937283597,1979,201,writeNewLiftRideWithHttpInfo
1572937285576,2875,201,writeNewLiftRideWithHttpInfo
1572937283607,2133,201,writeNewLiftRideWithHttpInfo
1572937285740,2718,201,writeNewLiftRideWithHttpInfo
1572937283605,2106,201,writeNewLiftRideWithHttpInfo
1572937285711,2747,201,writeNewLiftRideWithHttpInfo
1572937283599,2114,201,writeNewLiftRideWithHttpInfo
1572937285713,2745,201,writeNewLiftRideWithHttpInfo
1572937284068,2016,201,writeNewLiftRideWithHttpInfo
1572937284068,2016,201,writeNewLiftRideWithHttpInfo
1572937283611,2100,201,writeNewLiftRideWithHttpInfo
1572937285711,2747,201,writeNewLiftRideWithHttpInfo
1572937283607,2092,201,writeNewLiftRideWithHttpInfo
1572937285699,2759,201,writeNewLiftRideWithHttpInfo
1572937283608,2104,201,writeNewLiftRideWithHttpInfo
1572937285712,2746,201,writeNewLiftRideWithHttpInfo
1572937283611,2129,201,writeNewLiftRideWithHttpInfo
1572937285740,2718,201,writeNewLiftRideWithHttpInfo
1572937283613,2126,201,writeNewLiftRideWithHttpInfo
1572937285739,2720,201,writeNewLiftRideWithHttpInfo
1572937283608,2103,201,writeNewLiftRideWithHttpInfo
1572937285711,2750,201,writeNewLiftRideWithHttpInfo
1572937283610,2101,201,writeNewLiftRideWithHttpInfo
1572937285711,2752,201,writeNewLiftRideWithHttpInfo
1572937283597,1978,201,writeNewLiftRideWithHttpInfo
1572937285575,2888,201,writeNewLiftRideWithHttpInfo
1572937283606,2105,201,writeNewLiftRideWithHttpInfo
1572937285711,2752,201,writeNewLiftRideWithHttpInfo
1572937283588,3885,201,writeNewLiftRideWithHttpInfo
1572937287473,990,201,writeNewLiftRideWithHttpInfo
1572937283615,4848,201,writeNewLiftRideWithHttpInfo
1572937288463,42,201,writeNewLiftRideWithHttpInfo
1572937283585,3877,201,writeNewLiftRideWithHttpInfo
1572937287462,1063,201,writeNewLiftRideWithHttpInfo
1572937283562,3898,201,writeNewLiftRideWithHttpInfo
1572937287460,1066,201,writeNewLiftRideWithHttpInfo
1572937283599,4659,201,writeNewLiftRideWithHttpInfo
1572937288258,285,201,writeNewLiftRideWithHttpInfo
1572937283598,4661,201,writeNewLiftRideWithHttpInfo
1572937288259,293,201,writeNewLiftRideWithHttpInfo
1572937283598,4661,201,writeNewLiftRideWithHttpInfo
1572937288259,293,201,writeNewLiftRideWithHttpInfo
1572937283597,4662,201,writeNewLiftRideWithHttpInfo
1572937288259,295,201,writeNewLiftRideWithHttpInfo
1572937283602,3975,201,writeNewLiftRideWithHttpInfo
1572937287577,979,201,writeNewLiftRideWithHttpInfo
1572937283595,4664,201,writeNewLiftRideWithHttpInfo
1572937288259,298,201,writeNewLiftRideWithHttpInfo
1572937283601,3973,201,writeNewLiftRideWithHttpInfo
1572937287574,984,201,writeNewLiftRideWithHttpInfo
1572937283598,4670,201,writeNewLiftRideWithHttpInfo
1572937288268,310,201,writeNewLiftRideWithHttpInfo
1572937283599,4671,201,writeNewLiftRideWithHttpInfo
1572937288270,308,201,writeNewLiftRideWithHttpInfo
1572937284074,4205,201,writeNewLiftRideWithHttpInfo
1572937283603,3987,201,writeNewLiftRideWithHttpInfo
1572937287590,1004,201,writeNewLiftRideWithHttpInfo
1572937283613,2370,201,writeNewLiftRideWithHttpInfo
1572937285983,2648,201,writeNewLiftRideWithHttpInfo
1572937284070,2245,201,writeNewLiftRideWithHttpInfo
1572937284068,2195,201,writeNewLiftRideWithHttpInfo
1572937284068,2189,201,writeNewLiftRideWithHttpInfo
1572937284069,2193,201,writeNewLiftRideWithHttpInfo
1572937284069,2188,201,writeNewLiftRideWithHttpInfo
1572937284069,2194,201,writeNewLiftRideWithHttpInfo
1572937283614,2369,201,writeNewLiftRideWithHttpInfo
1572937285983,2648,201,writeNewLiftRideWithHttpInfo
1572937284069,2188,201,writeNewLiftRideWithHttpInfo
1572937283616,2367,201,writeNewLiftRideWithHttpInfo
1572937285983,2648,201,writeNewLiftRideWithHttpInfo
1572937283601,3976,201,writeNewLiftRideWithHttpInfo
1572937287577,1054,201,writeNewLiftRideWithHttpInfo
1572937283612,2373,201,writeNewLiftRideWithHttpInfo
1572937285985,2646,201,writeNewLiftRideWithHttpInfo
1572937284068,2194,201,writeNewLiftRideWithHttpInfo
1572937284068,2189,201,writeNewLiftRideWithHttpInfo
1572937283603,3979,201,writeNewLiftRideWithHttpInfo
1572937287582,1072,201,writeNewLiftRideWithHttpInfo
1572937283605,3991,201,writeNewLiftRideWithHttpInfo
1572937287596,1058,201,writeNewLiftRideWithHttpInfo
1572937283601,3982,201,writeNewLiftRideWithHttpInfo
1572937287583,1071,201,writeNewLiftRideWithHttpInfo
1572937283603,3977,201,writeNewLiftRideWithHttpInfo
1572937287580,1074,201,writeNewLiftRideWithHttpInfo
1572937283602,3979,201,writeNewLiftRideWithHttpInfo
1572937283600,3990,201,writeNewLiftRideWithHttpInfo
1572937287590,1065,201,writeNewLiftRideWithHttpInfo
1572937287581,1074,201,writeNewLiftRideWithHttpInfo
1572937283601,3984,201,writeNewLiftRideWithHttpInfo
1572937287585,1070,201,writeNewLiftRideWithHttpInfo
1572937283604,3992,201,writeNewLiftRideWithHttpInfo
1572937287596,1059,201,writeNewLiftRideWithHttpInfo
1572937283600,3990,201,writeNewLiftRideWithHttpInfo
1572937287590,1065,201,writeNewLiftRideWithHttpInfo
1572937283602,3992,201,writeNewLiftRideWithHttpInfo
1572937287594,1062,201,writeNewLiftRideWithHttpInfo
1572937283601,3989,201,writeNewLiftRideWithHttpInfo
1572937287590,1067,201,writeNewLiftRideWithHttpInfo
1572937283601,3980,201,writeNewLiftRideWithHttpInfo
1572937287581,1076,201,writeNewLiftRideWithHttpInfo
1572937283607,4000,201,writeNewLiftRideWithHttpInfo
1572937287607,1083,201,writeNewLiftRideWithHttpInfo
1572937283606,3996,201,writeNewLiftRideWithHttpInfo
1572937287602,1088,201,writeNewLiftRideWithHttpInfo
1572937283603,3993,201,writeNewLiftRideWithHttpInfo
1572937287596,1094,201,writeNewLiftRideWithHttpInfo
1572937283604,3998,201,writeNewLiftRideWithHttpInfo
1572937287602,1088,201,writeNewLiftRideWithHttpInfo
1572937283606,3996,201,writeNewLiftRideWithHttpInfo
1572937287602,1088,201,writeNewLiftRideWithHttpInfo
1572937283604,4002,201,writeNewLiftRideWithHttpInfo
1572937287606,1084,201,writeNewLiftRideWithHttpInfo
1572937283609,3997,201,writeNewLiftRideWithHttpInfo
1572937287606,1084,201,writeNewLiftRideWithHttpInfo
1572937283611,3998,201,writeNewLiftRideWithHttpInfo
1572937287609,1081,201,writeNewLiftRideWithHttpInfo
1572937283605,3997,201,writeNewLiftRideWithHttpInfo
1572937287602,1088,201,writeNewLiftRideWithHttpInfo
1572937283605,3997,201,writeNewLiftRideWithHttpInfo
1572937287602,1088,201,writeNewLiftRideWithHttpInfo
1572937283606,3990,201,writeNewLiftRideWithHttpInfo
1572937287596,1094,201,writeNewLiftRideWithHttpInfo
1572937283613,3996,201,writeNewLiftRideWithHttpInfo
1572937287609,1081,201,writeNewLiftRideWithHttpInfo
1572937283604,3998,201,writeNewLiftRideWithHttpInfo
1572937287602,1088,201,writeNewLiftRideWithHttpInfo
1572937283615,2368,201,writeNewLiftRideWithHttpInfo
1572937285983,2710,201,writeNewLiftRideWithHttpInfo
1572937283613,2370,201,writeNewLiftRideWithHttpInfo
1572937285983,2712,201,writeNewLiftRideWithHttpInfo
1572937283604,4072,201,writeNewLiftRideWithHttpInfo
1572937287676,1128,201,writeNewLiftRideWithHttpInfo
1572937283607,4069,201,writeNewLiftRideWithHttpInfo
1572937287676,1128,201,writeNewLiftRideWithHttpInfo
1572937283611,4063,201,writeNewLiftRideWithHttpInfo
1572937287674,1130,201,writeNewLiftRideWithHttpInfo
1572937283607,4067,201,writeNewLiftRideWithHttpInfo
1572937287674,1130,201,writeNewLiftRideWithHttpInfo
1572937283616,4062,201,writeNewLiftRideWithHttpInfo
1572937287678,1137,201,writeNewLiftRideWithHttpInfo
1572937284071,2288,201,writeNewLiftRideWithHttpInfo
1572937284069,2277,201,writeNewLiftRideWithHttpInfo
1572937284070,2289,201,writeNewLiftRideWithHttpInfo
1572937284070,2300,201,writeNewLiftRideWithHttpInfo
1572937284072,2297,201,writeNewLiftRideWithHttpInfo
1572937284071,2289,201,writeNewLiftRideWithHttpInfo
1572937284073,2412,201,writeNewLiftRideWithHttpInfo
1572937284072,2296,201,writeNewLiftRideWithHttpInfo
1572937284072,2298,201,writeNewLiftRideWithHttpInfo
1572937284071,2289,201,writeNewLiftRideWithHttpInfo
1572937284072,2413,201,writeNewLiftRideWithHttpInfo
1572937284070,2415,201,writeNewLiftRideWithHttpInfo
1572937284073,2295,201,writeNewLiftRideWithHttpInfo
1572937284070,2289,201,writeNewLiftRideWithHttpInfo
1572937284072,2288,201,writeNewLiftRideWithHttpInfo
1572937284072,2296,201,writeNewLiftRideWithHttpInfo
1572937284072,2288,201,writeNewLiftRideWithHttpInfo
1572937284072,2297,201,writeNewLiftRideWithHttpInfo
1572937284070,2276,201,writeNewLiftRideWithHttpInfo
1572937284073,2296,201,writeNewLiftRideWithHttpInfo
1572937284071,2297,201,writeNewLiftRideWithHttpInfo
1572937284070,2289,201,writeNewLiftRideWithHttpInfo
1572937284071,2289,201,writeNewLiftRideWithHttpInfo
1572937284069,2290,201,writeNewLiftRideWithHttpInfo
1572937284070,2276,201,writeNewLiftRideWithHttpInfo
1572937284074,4165,201,writeNewLiftRideWithHttpInfo
1572937284074,4164,201,writeNewLiftRideWithHttpInfo
1572937284071,2414,201,writeNewLiftRideWithHttpInfo
1572937283595,4684,201,writeNewLiftRideWithHttpInfo
1572937288279,1049,201,writeNewLiftRideWithHttpInfo
1572937284073,2412,201,writeNewLiftRideWithHttpInfo
1572937284072,2413,201,writeNewLiftRideWithHttpInfo
1572937284073,4206,201,writeNewLiftRideWithHttpInfo
1572937284074,4291,201,writeNewLiftRideWithHttpInfo
1572937284073,4296,201,writeNewLiftRideWithHttpInfo
1572937284073,4296,201,writeNewLiftRideWithHttpInfo
1572937284075,4294,201,writeNewLiftRideWithHttpInfo
1572937283600,5284,201,writeNewLiftRideWithHttpInfo
1572937288884,1053,201,writeNewLiftRideWithHttpInfo
1572937283592,11300,201,writeNewLiftRideWithHttpInfo
1572937294892,45,201,writeNewLiftRideWithHttpInfo
1572937283592,11300,201,writeNewLiftRideWithHttpInfo
1572937294892,50,201,writeNewLiftRideWithHttpInfo
1572937283591,11302,201,writeNewLiftRideWithHttpInfo
1572937294893,49,201,writeNewLiftRideWithHttpInfo
1572937283589,11304,201,writeNewLiftRideWithHttpInfo
1572937294893,50,201,writeNewLiftRideWithHttpInfo
1572937283590,11303,201,writeNewLiftRideWithHttpInfo
1572937294893,52,201,writeNewLiftRideWithHttpInfo
1572937283591,11302,201,writeNewLiftRideWithHttpInfo
1572937294893,52,201,writeNewLiftRideWithHttpInfo
1572937283592,11301,201,writeNewLiftRideWithHttpInfo
1572937294893,53,201,writeNewLiftRideWithHttpInfo
1572937283592,11301,201,writeNewLiftRideWithHttpInfo
1572937294893,53,201,writeNewLiftRideWithHttpInfo
1572937283591,11301,201,writeNewLiftRideWithHttpInfo
1572937294892,55,201,writeNewLiftRideWithHttpInfo
1572937283593,11300,201,writeNewLiftRideWithHttpInfo
1572937294893,68,201,writeNewLiftRideWithHttpInfo
1572937283593,11300,201,writeNewLiftRideWithHttpInfo
1572937294893,68,201,writeNewLiftRideWithHttpInfo
1572937283591,11302,201,writeNewLiftRideWithHttpInfo
1572937294893,68,201,writeNewLiftRideWithHttpInfo
1572937283613,11602,201,writeNewLiftRideWithHttpInfo
1572937295215,21,201,writeNewLiftRideWithHttpInfo
1572937283616,11601,201,writeNewLiftRideWithHttpInfo
1572937295217,24,201,writeNewLiftRideWithHttpInfo
1572937283614,11604,201,writeNewLiftRideWithHttpInfo
1572937295218,46,201,writeNewLiftRideWithHttpInfo
1572937283613,11605,201,writeNewLiftRideWithHttpInfo
1572937295218,47,201,writeNewLiftRideWithHttpInfo
1572937283616,11602,201,writeNewLiftRideWithHttpInfo
1572937295218,48,201,writeNewLiftRideWithHttpInfo
1572937283614,11608,201,writeNewLiftRideWithHttpInfo
1572937295222,46,201,writeNewLiftRideWithHttpInfo
1572937283611,11612,201,writeNewLiftRideWithHttpInfo
1572937295223,55,201,writeNewLiftRideWithHttpInfo
1572937283615,11608,201,writeNewLiftRideWithHttpInfo
1572937295223,55,201,writeNewLiftRideWithHttpInfo
1572937283615,11610,201,writeNewLiftRideWithHttpInfo
1572937295225,54,201,writeNewLiftRideWithHttpInfo
1572937283615,11609,201,writeNewLiftRideWithHttpInfo
1572937295224,56,201,writeNewLiftRideWithHttpInfo
1572937283612,11613,201,writeNewLiftRideWithHttpInfo
1572937295225,55,201,writeNewLiftRideWithHttpInfo
1572937283614,11610,201,writeNewLiftRideWithHttpInfo
1572937295224,57,201,writeNewLiftRideWithHttpInfo
1572937283616,11612,201,writeNewLiftRideWithHttpInfo
1572937295228,54,201,writeNewLiftRideWithHttpInfo
